select * from USER;
select * from PACE;
select * from item;
select * from myitem;
select * from element;
select * from company;
select * from ELEMENT;

/* UERS DATA */
INSERT INTO USER(U_NO,U_EMAIL,U_PASSWORD,U_W_TOTAL) VALUES (1,'hun@naver.com','111',10000);
INSERT INTO USER(U_NO,U_EMAIL,U_PASSWORD,U_W_TOTAL) VALUES (2,'dae@naver.com','222',20000);
INSERT INTO USER(U_NO,U_EMAIL,U_PASSWORD,U_W_TOTAL) VALUES (3,'ji@naver.com','333',30000);

/* PACE DATA */
INSERT INTO PACE(U_NO,W_COUNT,W_DATE) VALUES (1,1000,'2014-02-28');
INSERT INTO PACE(U_NO,W_COUNT,W_DATE) VALUES (1,1500,'2014-03-01');
INSERT INTO PACE(U_NO,W_COUNT,W_DATE) VALUES (1,2000,'2014-03-02');

INSERT INTO PACE(U_NO,W_COUNT,W_DATE) VALUES (2,2000,'2014-03-03');
INSERT INTO PACE(U_NO,W_COUNT,W_DATE) VALUES (2,2500,'2014-03-04');
INSERT INTO PACE(U_NO,W_COUNT,W_DATE) VALUES (2,3000,'2014-03-05');

INSERT INTO PACE(U_NO,W_COUNT,W_DATE) VALUES (3,3000,'2014-03-06');
INSERT INTO PACE(U_NO,W_COUNT,W_DATE) VALUES (3,3500,'2014-03-07');
INSERT INTO PACE(U_NO,W_COUNT,W_DATE) VALUES (3,4000,'2014-03-08');

/* ITEM DATA */
INSERT INTO ITEM(I_NO,I_NAME,I_IMAGE,I_CLASS,I_PRICE,I_SDATE) VALUES (1,'원두','bean.png','기호품',0,'2014-02-28');
INSERT INTO ITEM(I_NO,I_NAME,I_IMAGE,I_CLASS,I_PRICE,I_SDATE) VALUES (2,'오렌지','orange.png','과일',0,'2014-02-28');
INSERT INTO ITEM(I_NO,I_NAME,I_IMAGE,I_CLASS,I_PRICE,I_SDATE) VALUES (3,'종이컵','papercup.png','컵',0,'2014-02-28');
INSERT INTO ITEM(I_NO,I_NAME,I_IMAGE,I_CLASS,I_PRICE,I_SDATE) VALUES (4,'머그컵','mugcup.png','컵',0,'2014-02-28');
INSERT INTO ITEM(I_NO,I_NAME,I_IMAGE,I_CLASS,I_PRICE,I_SDATE) VALUES (5,'스타벅스 엠블럼 ','starbuckslogo.png','엠블럼',10000,'2014-02-28');
INSERT INTO ITEM(I_NO,I_NAME,I_IMAGE,I_CLASS,I_PRICE,I_SDATE) VALUES (6,'탐탐 엠블럼','tomtomlogo.png','엠블럼',15000,'2014-02-28');
INSERT INTO ITEM(I_NO,I_NAME,I_IMAGE,I_CLASS,I_PRICE,I_SDATE) VALUES (7,'스무디 엠블럼','smoothielogo.png','엠블럼',20000,'2014-02-28');
INSERT INTO ITEM(I_NO,I_NAME,I_IMAGE,I_CLASS,I_PRICE,I_SDATE) VALUES (8,'커핀그루나루','gurunaru.png','엠블럼',30000,'2014-03-14');

/* MYITEM DATA */
INSERT INTO MYITEM(U_NO,I_NO,I_STOCK) VALUES (1,1,20);/* 헌 - 원두 - 20개 */
INSERT INTO MYITEM(U_NO,I_NO,I_STOCK) VALUES (1,2,10);
INSERT INTO MYITEM(U_NO,I_NO,I_STOCK) VALUES (1,3,20);/* 헌 - 컵 - 20개 */ 
INSERT INTO MYITEM(U_NO,I_NO,I_STOCK) VALUES (1,4,30);
INSERT INTO MYITEM(U_NO,I_NO,I_STOCK) VALUES (1,5,1);/* 헌 - 스타벅스 - 1개 */
INSERT INTO MYITEM(U_NO,I_NO,I_STOCK) VALUES (1,6,0);
INSERT INTO MYITEM(U_NO,I_NO,I_STOCK) VALUES (1,7,2);
INSERT INTO MYITEM(U_NO,I_NO,I_STOCK) VALUES (1,8,1); 
INSERT INTO MYITEM(U_NO,I_NO,I_STOCK) VALUES (2,2,30);/* 대 - 오렌지 - 30개 */ 
INSERT INTO MYITEM(U_NO,I_NO,I_STOCK) VALUES (2,4,30);/* 대 - 머그컵 - 30개 */ 
INSERT INTO MYITEM(U_NO,I_NO,I_STOCK) VALUES (2,6,2);/* 대 - 탐탐 - 2개 */ 
INSERT INTO MYITEM(U_NO,I_NO,I_STOCK) VALUES (3,1,40);/* 지 - 원두 - 40개 */ 
INSERT INTO MYITEM(U_NO,I_NO,I_STOCK) VALUES (3,4,40);/* 지 - 머그컵 - 40개 */ 
INSERT INTO MYITEM(U_NO,I_NO,I_STOCK) VALUES (3,5,3);/* 지 - 탐탐 - 3개 */

/* COMPANY DATA */
INSERT INTO COMPANY(C_NO,C_IMAGE,C_NAME,C_PAGE,C_AD) VALUES (1,'starbuck.png','StarBucks','www.istarbucks.co.kr','www.istarbucks.co.kr');
INSERT INTO COMPANY(C_NO,C_IMAGE,C_NAME,C_PAGE,C_AD) VALUES (2,'tomtom.png','TomnToms','www.tomntoms.com','www.tomntoms.com');
INSERT INTO COMPANY(C_NO,C_IMAGE,C_NAME,C_PAGE,C_AD) VALUES (3,'smoothieking.png','SmoothieKing','www.smoothieking.co.kr','www.smoothieking.co.kr');

/* GOODS DATA */
INSERT INTO GOODS(G_NO,C_NO,G_IMAGE,G_TITLE,G_DESC,G_EDATE,G_VALID) VALUES (1,1,'starbuckamerica.png','스타벅스 아메리카노','20% 할인','2014-03-28',1);
INSERT INTO GOODS(G_NO,C_NO,G_IMAGE,G_TITLE,G_DESC,G_EDATE,G_VALID) VALUES (2,2,'tomtomcafe.png','탐탐 카페라떼','30% 할인','2014-03-28',0);
INSERT INTO GOODS(G_NO,C_NO,G_IMAGE,G_TITLE,G_DESC,G_EDATE,G_VALID) VALUES (3,3,'smoothiestraw.png','스트로베리가 무료!','공짜','2014-03-28',1);
INSERT INTO GOODS(G_NO,C_NO,G_IMAGE,G_TITLE,G_DESC,G_EDATE,G_VALID) VALUES (4,1,'starbuckhot.png','스타벅스 핫초코','시그니처 시음권','2014-03-28',0);
INSERT INTO GOODS(G_NO,C_NO,G_IMAGE,G_TITLE,G_DESC,G_EDATE,G_VALID) VALUES (5,2,'tomtombanana.png','탐탐 바닐라','바나나 아이스크림','2014-03-28',1);

/* ELEMENT DATA */
INSERT INTO ELEMENT(G_NO,I_NO,I_REQ) VALUES (1,5,1);/* 스타벅스 - 스타벅스 엠블럼 - 1개 */
INSERT INTO ELEMENT(G_NO,I_NO,I_REQ) VALUES (1,1,10);
INSERT INTO ELEMENT(G_NO,I_NO,I_REQ) VALUES (1,3,20);
INSERT INTO ELEMENT(G_NO,I_NO,I_REQ) VALUES (2,6,1);/* 탐탐 - 탐탐 엠블럼 - 1개 */
INSERT INTO ELEMENT(G_NO,I_NO,I_REQ) VALUES (3,7,1);

/* BARCODE DATA */
INSERT INTO BARCODE(C_SERIAL,G_NO,C_CODE) VALUES (1,1,'1234-1234-1234-1234');/* 스타벅스 - 바코드*/
INSERT INTO BARCODE(C_SERIAL,G_NO,C_CODE) VALUES (2,1,'1234-1234-1234-2345');/* 스타벅스 - 바코드*/
INSERT INTO BARCODE(C_SERIAL,G_NO,C_CODE) VALUES (3,4,'1234-1234-1234-3456');/* 스타벅스 - 바코드*/
INSERT INTO BARCODE(C_SERIAL,G_NO,C_CODE) VALUES (4,4,'1234-1234-1234-4567');/* 스타벅스 - 바코드*/
INSERT INTO BARCODE(C_SERIAL,G_NO,C_CODE) VALUES (5,3,'1234-1234-1234-5678');/* 스무디 - 바코드 */
INSERT INTO BARCODE(C_SERIAL,G_NO,C_CODE) VALUES (6,3,'1234-1234-1234-6789');/* 스무디 - 바코드*/
INSERT INTO BARCODE(C_SERIAL,G_NO,C_CODE) VALUES (7,2,'1234-1234-1234-7891');/* 탐탐 - 바코드*/
INSERT INTO BARCODE(C_SERIAL,G_NO,C_CODE) VALUES (8,2,'1234-1234-1234-8912');/* 탐탐 - 바코드*/
INSERT INTO BARCODE(C_SERIAL,G_NO,C_CODE) VALUES (9,5,'1234-1234-1234-8912');/* 탐탐 - 바코드*/
INSERT INTO BARCODE(C_SERIAL,G_NO,C_CODE) VALUES (10,5,'1234-1234-1234-8912');/* 탐탐 - 바코드*/

/* MYCOUPON DATA *//* 1-사용가능, 2-사용기간 만료, 3-사용함 */
INSERT INTO MYCOUPON(C_SERIAL,U_NO,U_PAY,C_GDATE,C_STATE) VALUES (1,1,10000,'2014-03-01',1);/* 헌 - 10000 - 사용가능 */
INSERT INTO MYCOUPON(C_SERIAL,U_NO,U_PAY,C_GDATE,C_STATE) VALUES (2,2,10000,'2014-03-01',1);/* 대 - 10000 - 사용가능 */
INSERT INTO MYCOUPON(C_SERIAL,U_NO,U_PAY,C_GDATE,C_STATE) VALUES (3,1,20000,'2014-03-01',2);/* 헌 - 15000 - 사용 기간 만료 */
INSERT INTO MYCOUPON(C_SERIAL,U_NO,U_PAY,C_GDATE,C_STATE) VALUES (4,3,20000,'2014-03-01',1);/* 지 - 15000 - 사용가능 */
INSERT INTO MYCOUPON(C_SERIAL,U_NO,U_PAY,C_GDATE,C_STATE) VALUES (5,2,10000,'2014-03-01',3);/* 대 - 20000 - 사용함 */