/* UERS DATA */
INSERT INTO USER(U_NO,U_EMAIL,U_PASSWORD,U_W_TOTAL) VALUES (1,'hun@naver.com','111',10000);
INSERT INTO USER(U_NO,U_EMAIL,U_PASSWORD,U_W_TOTAL) VALUES (2,'dae@naver.com','222',20000);
INSERT INTO USER(U_NO,U_EMAIL,U_PASSWORD,U_W_TOTAL) VALUES (3,'ji@naver.com','333',30000);

/* PACE DATA */
INSERT INTO PACE(U_NO,W_COUNT,W_CAL,W_M,W_TIMER,W_DATE) VALUES (1,1000,30,750,10,'2014-02-28');
INSERT INTO PACE(U_NO,W_COUNT,W_CAL,W_M,W_TIMER,W_DATE) VALUES (1,1500,45,1050,15,'2014-03-01');
INSERT INTO PACE(U_NO,W_COUNT,W_CAL,W_M,W_TIMER,W_DATE) VALUES (1,2000,60,1500,20,'2014-03-02');

INSERT INTO PACE(U_NO,W_COUNT,W_CAL,W_M,W_TIMER,W_DATE) VALUES (2,2000,60,1600,20,'2014-03-03');
INSERT INTO PACE(U_NO,W_COUNT,W_CAL,W_M,W_TIMER,W_DATE) VALUES (2,2500,75,1950,25,'2014-03-04');
INSERT INTO PACE(U_NO,W_COUNT,W_CAL,W_M,W_TIMER,W_DATE) VALUES (2,3000,90,2300,30,'2014-03-05');

INSERT INTO PACE(U_NO,W_COUNT,W_CAL,W_M,W_TIMER,W_DATE) VALUES (3,3000,90,2300,30,'2014-03-06');
INSERT INTO PACE(U_NO,W_COUNT,W_CAL,W_M,W_TIMER,W_DATE) VALUES (3,3500,105,2600,35,'2014-03-07');
INSERT INTO PACE(U_NO,W_COUNT,W_CAL,W_M,W_TIMER,W_DATE) VALUES (3,4000,120,3000,40,'2014-03-08');

/* ITEM DATA */
INSERT INTO ITEM(I_NO,I_NAME,I_IMAGE,I_CLASS,I_PRICE,I_SDATE) VALUES (1,'원두','bean.png','기호품',0,'2014-02-28');
INSERT INTO ITEM(I_NO,I_NAME,I_IMAGE,I_CLASS,I_PRICE,I_SDATE) VALUES (2,'오렌지','orange.png','과일',0,'2014-02-28');
INSERT INTO ITEM(I_NO,I_NAME,I_IMAGE,I_CLASS,I_PRICE,I_SDATE) VALUES (3,'종이컵','papercup.png','컵',0,'2014-02-28');
INSERT INTO ITEM(I_NO,I_NAME,I_IMAGE,I_CLASS,I_PRICE,I_SDATE) VALUES (4,'머그컵','mugcup.png','컵',0,'2014-02-28');
INSERT INTO ITEM(I_NO,I_NAME,I_IMAGE,I_CLASS,I_PRICE,I_SDATE) VALUES (5,'스타벅스 엠블럼 ','starbuckslogo.png','엠블럼',10000,'2014-02-28');
INSERT INTO ITEM(I_NO,I_NAME,I_IMAGE,I_CLASS,I_PRICE,I_SDATE) VALUES (6,'탐탐 엠블럼','tomtomlogo.png','엠블럼',15000,'2014-02-28');
INSERT INTO ITEM(I_NO,I_NAME,I_IMAGE,I_CLASS,I_PRICE,I_SDATE) VALUES (7,'스무디 엠블럼','smoothielogo.png','엠블럼',20000,'2014-02-28');

/* MYITEM DATA */
INSERT INTO MYITEM(U_NO,I_NO,I_STOCK) VALUES (1,1,20);/* 헌 - 원두 - 20개 */  
INSERT INTO MYITEM(U_NO,I_NO,I_STOCK) VALUES (1,3,20);/* 헌 - 컵 - 20개 */ 
INSERT INTO MYITEM(U_NO,I_NO,I_STOCK) VALUES (1,5,1);/* 헌 - 스타벅스 - 1개 */ 
INSERT INTO MYITEM(U_NO,I_NO,I_STOCK) VALUES (2,2,30);/* 대 - 오렌지 - 30개 */ 
INSERT INTO MYITEM(U_NO,I_NO,I_STOCK) VALUES (2,4,30);/* 대 - 머그컵 - 30개 */ 
INSERT INTO MYITEM(U_NO,I_NO,I_STOCK) VALUES (2,6,2);/* 대 - 탐탐 - 2개 */ 
INSERT INTO MYITEM(U_NO,I_NO,I_STOCK) VALUES (3,1,40);/* 지 - 원두 - 40개 */ 
INSERT INTO MYITEM(U_NO,I_NO,I_STOCK) VALUES (3,4,40);/* 지 - 머그컵 - 40개 */ 
INSERT INTO MYITEM(U_NO,I_NO,I_STOCK) VALUES (3,5,3);/* 지 - 탐탐 - 3개 */ 

/* COMPANY DATA */
INSERT INTO COMPANY(C_NO,C_IMAGE,C_NAME,C_PAGE,C_AD,I_EDATE) VALUES (1,'starbucklogo.png','StarBucks','www.istarbucks.co.kr','www.istarbucks.co.kr','2014-04-06');
INSERT INTO COMPANY(C_NO,C_IMAGE,C_NAME,C_PAGE,C_AD,I_EDATE) VALUES (2,'tomtom.png','TomnToms','www.tomntoms.com','www.tomntoms.com','2014-04-06');
INSERT INTO COMPANY(C_NO,C_IMAGE,C_NAME,C_PAGE,C_AD,I_EDATE) VALUES (3,'smoothieking.png','SmoothieKing','www.smoothieking.co.kr','www.smoothieking.co.kr','2014-04-06');


/* ELEMENT DATA */
INSERT INTO ELEMENT(C_NO,I_NO,I_REQ) VALUES (1,5,1);/* 스타벅스 - 스타벅스 엠블럼 - 1개 */
INSERT INTO ELEMENT(C_NO,I_NO,I_REQ) VALUES (2,6,1);/* 탐탐 - 탐탐 엠블럼 - 1개 */
INSERT INTO ELEMENT(C_NO,I_NO,I_REQ) VALUES (3,7,1);/* 스무디 - 스무디 엠블럼 - 1개 */

/* BARCODE DATA */
INSERT INTO BARCODE(C_SERIAL,C_NO,C_CODE,C_VALID) VALUES (1,1,'1234-1234-1234-1234',0);/* 스타벅스 - 바코드 - 사용불가 */
INSERT INTO BARCODE(C_SERIAL,C_NO,C_CODE,C_VALID) VALUES (2,1,'1234-1234-1234-2345',0);/* 스타벅스 - 바코드 - 사용불가 */
INSERT INTO BARCODE(C_SERIAL,C_NO,C_CODE,C_VALID) VALUES (3,2,'1234-1234-1234-3456',0);/* 탐탐 - 바코드 - 사용불가 */
INSERT INTO BARCODE(C_SERIAL,C_NO,C_CODE,C_VALID) VALUES (4,2,'1234-1234-1234-4567',0);/* 탐탐 - 바코드 - 사용불가 */
INSERT INTO BARCODE(C_SERIAL,C_NO,C_CODE,C_VALID) VALUES (5,3,'1234-1234-1234-5678',0);/* 스무디 - 바코드 - 사용불가 */
INSERT INTO BARCODE(C_SERIAL,C_NO,C_CODE,C_VALID) VALUES (6,3,'1234-1234-1234-6789',1);/* 스무디 - 바코드 - 사용가능 */
INSERT INTO BARCODE(C_SERIAL,C_NO,C_CODE,C_VALID) VALUES (7,1,'1234-1234-1234-7891',1);/* 스타벅스 - 바코드 - 사용가능 */
INSERT INTO BARCODE(C_SERIAL,C_NO,C_CODE,C_VALID) VALUES (8,1,'1234-1234-1234-8912',1);/* 스타벅스 - 바코드 - 사용가능 */

/* MYCOUPON DATA *//* 1-사용가능, 2-사용기간 만료, 3-사용함 */
INSERT INTO MYCOUPON(C_SERIAL,U_NO,U_PAY,C_GDATE,C_STATE) VALUES (1,1,10000,'2014-03-01',1);/* 헌 - 10000 - 사용가능 */
INSERT INTO MYCOUPON(C_SERIAL,U_NO,U_PAY,C_GDATE,C_STATE) VALUES (2,2,10000,'2014-03-01',1);/* 대 - 10000 - 사용가능 */
INSERT INTO MYCOUPON(C_SERIAL,U_NO,U_PAY,C_GDATE,C_STATE) VALUES (3,1,20000,'2014-03-01',2);/* 헌 - 15000 - 사용 기간 만료 */
INSERT INTO MYCOUPON(C_SERIAL,U_NO,U_PAY,C_GDATE,C_STATE) VALUES (4,3,20000,'2014-03-01',1);/* 지 - 15000 - 사용가능 */
INSERT INTO MYCOUPON(C_SERIAL,U_NO,U_PAY,C_GDATE,C_STATE) VALUES (5,2,10000,'2014-03-01',3);/* 대 - 20000 - 사용함 */

/* MYCOUPON DATA *//*
INSERT INTO STAMP(C_SERIAL,C_NO,I_NO,I_DEPOSIT) VALUES (6,1,);
*/